Destination Port,Flow Duration,Total Fwd Packets,Total Length of Fwd Packets,Fwd Packet Length Max,Fwd Packet Length Min,Fwd Packet Length Mean,Fwd Packet Length Std,Bwd Packet Length Max,Bwd Packet Length Min,Bwd Packet Length Mean,Bwd Packet Length Std,Flow Bytes/s,Flow Packets/s,Flow IAT Mean,Flow IAT Std,Flow IAT Max,Flow IAT Min,Fwd IAT Total,Fwd IAT Mean,Fwd IAT Std,Fwd IAT Max,Fwd IAT Min,Bwd IAT Total,Bwd IAT Mean,Bwd IAT Std,Bwd IAT Max,Bwd IAT Min,Fwd Header Length,Bwd Header Length,Fwd Packets/s,Bwd Packets/s,Min Packet Length,Max Packet Length,Packet Length Mean,Packet Length Std,Packet Length Variance,FIN Flag Count,PSH Flag Count,ACK Flag Count,Average Packet Size,Subflow Fwd Bytes,Init_Win_bytes_forward,Init_Win_bytes_backward,act_data_pkt_fwd,min_seg_size_forward,Active Mean,Active Max,Active Min,Idle Mean,Idle Max,Idle Min,Attack Type
443,58244816,13,838,357,0,64.46153846,116.4965059,1448,0,544.25,638.4075613,89.14098037,0.360547109,2912240.8,13000000.0,58100000,1,58200000,4853734.667,16800000.0,58100000,1,138282,19754.57143,24474.00885,49703,4,428,264,0.223195829,0.137351279,0,1448,236.0,447.9677922,200675.1429,0,1,0,247.2380952,838,65535,972,6,32,177029.0,177029,177029,58100000.0,58100000,58100000,Normal Traffic
53,424,1,49,49,49,49.0,0.0,77,77,77.0,0.0,297169.8113,4716.981132,424.0,0.0,424,424,0,0.0,0.0,0,0,0,0.0,0.0,0,0,32,32,2358.490566,2358.490566,49,77,58.33333333,16.16580754,261.3333333,0,0,0,87.5,49,-1,-1,0,32,0.0,0,0,0.0,0,0,Normal Traffic
443,5826402,7,635,517,0,90.71428571,190.7072051,150,0,37.5,75.0,134.7315204,1.887957611,582640.2,1649590.084,5271005,17,5826402,971067.0,2210679.829,5480434,17,385618,128539.3333,111627.6243,210398,1383,232,136,1.201427571,0.68653004,0,517,65.41666667,149.8383725,22451.53788,0,1,0,71.36363636,635,29200,122,3,32,555380.0,555380,555380,5271005.0,5271005,5271005,Normal Traffic
53,30417,4,120,30,30,30.0,0.0,207,207,207.0,0.0,31166.78173,263.0108163,4345.285714,11274.50548,29913,4,30186,10062.0,17382.87583,30134,4,30197,10065.66667,17349.37559,30099,49,80,80,131.5054082,131.5054082,30,207,108.6666667,93.28719097,8702.5,0,0,0,122.25,120,-1,-1,3,20,0.0,0,0,0.0,0,0,Normal Traffic
53,30708,2,68,34,34,34.0,0.0,114,114,114.0,0.0,9639.181972,130.2592158,10236.0,17725.80799,30704,1,3,3.0,0.0,3,3,1,1.0,0.0,1,1,40,40,65.12960792,65.12960792,34,114,66.0,43.8178046,1920.0,0,0,0,82.5,68,-1,-1,1,20,0.0,0,0,0.0,0,0,Normal Traffic
53,185,2,60,30,30,30.0,0.0,46,46,46.0,0.0,821621.6216,21621.62162,61.66666667,105.077749,183,1,1,1.0,0.0,1,1,1,1.0,0.0,1,1,40,40,10810.81081,10810.81081,30,46,36.4,8.76356092,76.8,0,0,0,45.5,60,-1,-1,1,20,0.0,0,0,0.0,0,0,Normal Traffic
53,49810,1,44,44,44,44.0,0.0,72,72,72.0,0.0,2328.849629,40.1525798,49810.0,0.0,49810,49810,0,0.0,0.0,0,0,0,0.0,0.0,0,0,20,20,20.0762899,20.0762899,44,72,53.33333333,16.16580754,261.3333333,0,0,0,80.0,44,-1,-1,0,20,0.0,0,0,0.0,0,0,Normal Traffic
50552,42,1,0,0,0,0.0,0.0,0,0,0.0,0.0,0.0,47619.04762,42.0,0.0,42,42,0,0.0,0.0,0,0,0,0.0,0.0,0,0,32,32,23809.52381,23809.52381,0,0,0.0,0.0,0.0,0,0,1,0.0,0,285,241,0,32,0.0,0,0,0.0,0,0,Normal Traffic
51786,59,2,0,0,0,0.0,0.0,0,0,0.0,0.0,0.0,50847.45763,29.5,37.4766594,56,3,3,3.0,0.0,3,3,0,0.0,0.0,0,0,64,32,33898.30508,16949.15254,0,0,0.0,0.0,0.0,0,0,1,0.0,0,135,65535,0,32,0.0,0,0,0.0,0,0,Normal Traffic
443,2134791,8,862,661,0,107.75,228.9883029,261,0,62.28571429,101.1413438,608.0220499,7.026448959,152485.0714,515813.2396,1943090,3,191698,27385.42857,25043.27777,52842,4,2082648,347108.0,782621.996,1943144,3,268,232,3.747439445,3.279009514,0,661,81.125,171.8844088,29544.25,0,1,0,86.53333333,862,65535,67,4,32,0.0,0,0,0.0,0,0,Normal Traffic
